captured_at,report_date,section,market,symbol,name,alert_name,as_of_date,window_trading_days,total_return,up_days,max_consecutive_down_days,triggered
2026-03-20T17:44:51.949916,2026-03-20,sp500_alerts_v1,SP500,SNDK,SNDK,two_week_momentum_watch,2026-03-19,10,0.4641,8,1,True
2026-03-20T17:44:51.949916,2026-03-20,sp500_alerts_v1,SP500,CIEN,CIEN,two_week_momentum_watch,2026-03-19,10,0.4025,8,1,True
2026-03-20T17:44:51.949916,2026-03-20,sp500_alerts_v1,SP500,KLAC,KLAC,two_week_momentum_watch,2026-03-19,10,0.1242,8,1,True
2026-03-20T17:44:51.949916,2026-03-20,sp500_alerts_v1,SP500,DVN,DVN,two_week_momentum_watch,2026-03-19,10,0.1026,8,1,True
2026-03-20T17:44:51.949916,2026-03-20,sp500_alerts_v1,SP500,CTRA,CTRA,two_week_momentum_watch,2026-03-19,10,0.1005,8,1,True
2026-03-20T17:44:51.949916,2026-03-20,sp500_alerts_v1,SP500,WDC,WDC,two_week_momentum_watch,2026-03-19,10,0.2923,7,1,False
2026-03-20T17:44:51.949916,2026-03-20,sp500_alerts_v1,SP500,STX,STX,two_week_momentum_watch,2026-03-19,10,0.2319,7,1,False
2026-03-20T17:44:51.949916,2026-03-20,sp500_alerts_v1,SP500,MU,MU,two_week_momentum_watch,2026-03-19,10,0.1998,7,1,False
2026-03-20T17:44:51.949916,2026-03-20,sp500_alerts_v1,SP500,LRCX,LRCX,two_week_momentum_watch,2026-03-19,10,0.1739,7,1,False
2026-03-20T17:44:51.949916,2026-03-20,sp500_alerts_v1,SP500,APA,APA,two_week_momentum_watch,2026-03-19,10,0.1646,7,2,False
2026-03-20T17:44:51.949916,2026-03-20,sp500_alerts_v1,SP500,FIX,FIX,two_week_momentum_watch,2026-03-19,10,0.1294,6,2,False
2026-03-20T17:44:51.949916,2026-03-20,sp500_alerts_v1,SP500,DOW,DOW,two_week_momentum_watch,2026-03-19,10,0.1265,5,2,False
2026-03-20T17:44:51.949916,2026-03-20,sp500_alerts_v1,SP500,GEV,GEV,two_week_momentum_watch,2026-03-19,10,0.1124,7,2,False
2026-03-20T17:44:51.949916,2026-03-20,sp500_alerts_v1,SP500,LYB,LYB,two_week_momentum_watch,2026-03-19,10,0.1112,4,2,False
2026-03-20T17:44:51.949916,2026-03-20,sp500_alerts_v1,SP500,TER,TER,two_week_momentum_watch,2026-03-19,10,0.1075,7,2,False
2026-03-20T17:44:51.949916,2026-03-20,sp500_alerts_v1,SP500,OXY,OXY,two_week_momentum_watch,2026-03-19,10,0.1047,6,2,False
2026-03-20T17:44:51.949916,2026-03-20,sp500_alerts_v1,SP500,DAL,DAL,two_week_momentum_watch,2026-03-19,10,0.1017,5,3,False
2026-03-20T17:44:51.949916,2026-03-20,sp500_alerts_v1,SP500,AKAM,AKAM,two_week_momentum_watch,2026-03-19,10,0.1012,7,1,False
2026-03-20T17:44:51.949916,2026-03-20,sp500_alerts_v1,SP500,JBL,JBL,two_week_momentum_watch,2026-03-19,10,0.1005,6,2,False
2026-03-20T17:44:51.949916,2026-03-20,sp500_alerts_v1,SP500,AMAT,AMAT,two_week_momentum_watch,2026-03-19,10,0.1,7,1,False
2026-03-20T17:44:51.949916,2026-03-20,sp500_alerts_v1,SP500,HAL,HAL,two_week_momentum_watch,2026-03-19,10,0.0846,7,2,False
2026-03-20T17:44:51.949916,2026-03-20,sp500_alerts_v1,SP500,CF,CF,two_week_momentum_watch,2026-03-19,10,0.0845,4,2,False
2026-03-20T17:44:51.949916,2026-03-20,sp500_alerts_v1,SP500,GLW,GLW,two_week_momentum_watch,2026-03-19,10,0.0794,4,3,False
2026-03-20T17:44:51.949916,2026-03-20,sp500_alerts_v1,SP500,VLO,VLO,two_week_momentum_watch,2026-03-19,10,0.0776,7,1,False
2026-03-20T17:44:51.949916,2026-03-20,sp500_alerts_v1,SP500,COP,COP,two_week_momentum_watch,2026-03-19,10,0.0764,6,2,False
2026-03-20T17:44:51.949916,2026-03-20,sp500_alerts_v1,SP500,PSX,PSX,two_week_momentum_watch,2026-03-19,10,0.0746,5,2,False
2026-03-20T17:44:51.949916,2026-03-20,sp500_alerts_v1,SP500,DELL,DELL,two_week_momentum_watch,2026-03-19,10,0.0702,6,2,False
2026-03-20T17:44:51.949916,2026-03-20,sp500_alerts_v1,SP500,PWR,PWR,two_week_momentum_watch,2026-03-19,10,0.0699,5,2,False
2026-03-20T17:44:51.949916,2026-03-20,sp500_alerts_v1,SP500,MPWR,MPWR,two_week_momentum_watch,2026-03-19,10,0.068,6,1,False
2026-03-20T17:44:51.949916,2026-03-20,sp500_alerts_v1,SP500,AMD,AMD,two_week_momentum_watch,2026-03-19,10,0.0667,6,2,False
2026-03-20T17:44:51.949916,2026-03-20,sp500_alerts_v1,SP500,MPC,MPC,two_week_momentum_watch,2026-03-19,10,0.0655,5,2,False
2026-03-20T17:44:51.949916,2026-03-20,sp500_alerts_v1,SP500,KEYS,KEYS,two_week_momentum_watch,2026-03-19,10,0.0653,5,3,False
2026-03-20T17:44:51.949916,2026-03-20,sp500_alerts_v1,SP500,EME,EME,two_week_momentum_watch,2026-03-19,10,0.0645,6,3,False
2026-03-20T17:44:51.949916,2026-03-20,sp500_alerts_v1,SP500,INTC,INTC,two_week_momentum_watch,2026-03-19,10,0.0636,6,2,False
2026-03-20T17:44:51.949916,2026-03-20,sp500_alerts_v1,SP500,CVX,CVX,two_week_momentum_watch,2026-03-19,10,0.0605,6,2,False
2026-03-20T17:44:51.949916,2026-03-20,sp500_alerts_v1,SP500,EOG,EOG,two_week_momentum_watch,2026-03-19,10,0.0564,8,1,False
2026-03-20T17:44:51.949916,2026-03-20,sp500_alerts_v1,SP500,FSLR,FSLR,two_week_momentum_watch,2026-03-19,10,0.0552,6,2,False
2026-03-20T17:44:51.949916,2026-03-20,sp500_alerts_v1,SP500,VST,VST,two_week_momentum_watch,2026-03-19,10,0.055,6,1,False
2026-03-20T17:44:51.949916,2026-03-20,sp500_alerts_v1,SP500,FANG,FANG,two_week_momentum_watch,2026-03-19,10,0.0541,6,2,False
2026-03-20T17:44:51.949916,2026-03-20,sp500_alerts_v1,SP500,HPE,HPE,two_week_momentum_watch,2026-03-19,10,0.0469,5,2,False
2026-03-20T17:44:51.949916,2026-03-20,sp500_alerts_v1,SP500,BG,BG,two_week_momentum_watch,2026-03-19,10,0.046,5,2,False
2026-03-20T17:44:51.949916,2026-03-20,sp500_alerts_v1,SP500,XOM,XOM,two_week_momentum_watch,2026-03-19,10,0.046,6,2,False
2026-03-20T17:44:51.949916,2026-03-20,sp500_alerts_v1,SP500,NRG,NRG,two_week_momentum_watch,2026-03-19,10,0.0459,6,2,False
2026-03-20T17:44:51.949916,2026-03-20,sp500_alerts_v1,SP500,HUBB,HUBB,two_week_momentum_watch,2026-03-19,10,0.0448,4,4,False
2026-03-20T17:44:51.949916,2026-03-20,sp500_alerts_v1,SP500,MGM,MGM,two_week_momentum_watch,2026-03-19,10,0.0441,6,1,False
2026-03-20T17:44:51.949916,2026-03-20,sp500_alerts_v1,SP500,APD,APD,two_week_momentum_watch,2026-03-19,10,0.044,6,2,False
2026-03-20T17:44:51.949916,2026-03-20,sp500_alerts_v1,SP500,EQT,EQT,two_week_momentum_watch,2026-03-19,10,0.0439,5,2,False
2026-03-20T17:44:51.949916,2026-03-20,sp500_alerts_v1,SP500,ON,ON,two_week_momentum_watch,2026-03-19,10,0.0426,5,2,False
2026-03-20T17:44:51.949916,2026-03-20,sp500_alerts_v1,SP500,EQIX,EQIX,two_week_momentum_watch,2026-03-19,10,0.0401,5,2,False
2026-03-20T17:44:51.949916,2026-03-20,sp500_alerts_v1,SP500,ETN,ETN,two_week_momentum_watch,2026-03-19,10,0.0391,5,2,False
2026-03-20T17:44:51.949916,2026-03-20,sp500_alerts_v1,SP500,STZ,STZ,two_week_momentum_watch,2026-03-19,10,0.0371,6,2,False
2026-03-20T17:44:51.949916,2026-03-20,sp500_alerts_v1,SP500,DDOG,DDOG,two_week_momentum_watch,2026-03-19,10,0.0333,5,2,False
2026-03-20T17:44:51.949916,2026-03-20,sp500_alerts_v1,SP500,MTCH,MTCH,two_week_momentum_watch,2026-03-19,10,0.0328,4,3,False
2026-03-20T17:44:51.949916,2026-03-20,sp500_alerts_v1,SP500,DOC,DOC,two_week_momentum_watch,2026-03-19,10,0.0321,5,3,False
2026-03-20T17:44:51.949916,2026-03-20,sp500_alerts_v1,SP500,C,C,two_week_momentum_watch,2026-03-19,10,0.0312,8,1,False
2026-03-20T17:44:51.949916,2026-03-20,sp500_alerts_v1,SP500,GOOGL,GOOGL,two_week_momentum_watch,2026-03-19,10,0.0296,5,2,False
2026-03-20T17:44:51.949916,2026-03-20,sp500_alerts_v1,SP500,COIN,COIN,two_week_momentum_watch,2026-03-19,10,0.0289,6,1,False
2026-03-20T17:44:51.949916,2026-03-20,sp500_alerts_v1,SP500,PANW,PANW,two_week_momentum_watch,2026-03-19,10,0.0284,6,1,False
2026-03-20T17:44:51.949916,2026-03-20,sp500_alerts_v1,SP500,SRE,SRE,two_week_momentum_watch,2026-03-19,10,0.0283,5,2,False
2026-03-20T17:44:51.949916,2026-03-20,sp500_alerts_v1,SP500,BX,BX,two_week_momentum_watch,2026-03-19,10,0.0278,5,3,False
2026-03-20T17:44:51.949916,2026-03-20,sp500_alerts_v1,SP500,DLR,DLR,two_week_momentum_watch,2026-03-19,10,0.0277,5,2,False
2026-03-20T17:44:51.949916,2026-03-20,sp500_alerts_v1,SP500,GOOG,GOOG,two_week_momentum_watch,2026-03-19,10,0.0256,5,2,False
2026-03-20T17:44:51.949916,2026-03-20,sp500_alerts_v1,SP500,ANET,ANET,two_week_momentum_watch,2026-03-19,10,0.0254,5,3,False
2026-03-20T17:44:51.949916,2026-03-20,sp500_alerts_v1,SP500,APO,APO,two_week_momentum_watch,2026-03-19,10,0.0246,5,2,False
2026-03-20T17:44:51.949916,2026-03-20,sp500_alerts_v1,SP500,UAL,UAL,two_week_momentum_watch,2026-03-19,10,0.0226,5,3,False
2026-03-20T17:44:51.949916,2026-03-20,sp500_alerts_v1,SP500,NTAP,NTAP,two_week_momentum_watch,2026-03-19,10,0.0201,4,2,False
2026-03-20T17:44:51.949916,2026-03-20,sp500_alerts_v1,SP500,SLB,SLB,two_week_momentum_watch,2026-03-19,10,0.0196,7,1,False
2026-03-20T17:44:51.949916,2026-03-20,sp500_alerts_v1,SP500,ADM,ADM,two_week_momentum_watch,2026-03-19,10,0.0178,5,2,False
2026-03-20T17:44:51.949916,2026-03-20,sp500_alerts_v1,SP500,OKE,OKE,two_week_momentum_watch,2026-03-19,10,0.0168,4,2,False
2026-03-20T17:44:51.949916,2026-03-20,sp500_alerts_v1,SP500,ORCL,ORCL,two_week_momentum_watch,2026-03-19,10,0.0167,3,2,False
2026-03-20T17:44:51.949916,2026-03-20,sp500_alerts_v1,SP500,Q,Q,two_week_momentum_watch,2026-03-19,10,0.0163,6,1,False
2026-03-20T17:44:51.949916,2026-03-20,sp500_alerts_v1,SP500,NEE,NEE,two_week_momentum_watch,2026-03-19,10,0.0153,6,2,False
2026-03-20T17:44:51.949916,2026-03-20,sp500_alerts_v1,SP500,WYNN,WYNN,two_week_momentum_watch,2026-03-19,10,0.0153,5,2,False
2026-03-20T17:44:51.949916,2026-03-20,sp500_alerts_v1,SP500,BKR,BKR,two_week_momentum_watch,2026-03-19,10,0.015,5,4,False
2026-03-20T17:44:51.949916,2026-03-20,sp500_alerts_v1,SP500,BLK,BLK,two_week_momentum_watch,2026-03-19,10,0.0148,6,2,False
2026-03-20T17:44:51.949916,2026-03-20,sp500_alerts_v1,SP500,IBKR,IBKR,two_week_momentum_watch,2026-03-19,10,0.0148,4,3,False
2026-03-20T17:44:51.949916,2026-03-20,sp500_alerts_v1,SP500,DOV,DOV,two_week_momentum_watch,2026-03-19,10,0.0147,5,2,False
2026-03-20T17:44:51.949916,2026-03-20,sp500_alerts_v1,SP500,CTVA,CTVA,two_week_momentum_watch,2026-03-19,10,0.0144,4,2,False
2026-03-20T17:44:51.949916,2026-03-20,sp500_alerts_v1,SP500,FFIV,FFIV,two_week_momentum_watch,2026-03-19,10,0.0143,5,1,False
2026-03-20T17:44:51.949916,2026-03-20,sp500_alerts_v1,SP500,TPL,TPL,two_week_momentum_watch,2026-03-19,10,0.0143,7,1,False
2026-03-20T17:44:51.949916,2026-03-20,sp500_alerts_v1,SP500,LIN,LIN,two_week_momentum_watch,2026-03-19,10,0.0138,5,2,False
2026-03-20T17:44:51.949916,2026-03-20,sp500_alerts_v1,SP500,EA,EA,two_week_momentum_watch,2026-03-19,10,0.0136,6,2,False
2026-03-20T17:44:51.949916,2026-03-20,sp500_alerts_v1,SP500,PFE,PFE,two_week_momentum_watch,2026-03-19,10,0.0133,5,2,False
2026-03-20T17:44:51.949916,2026-03-20,sp500_alerts_v1,SP500,ALGN,ALGN,two_week_momentum_watch,2026-03-19,10,0.0129,5,2,False
2026-03-20T17:44:51.949916,2026-03-20,sp500_alerts_v1,SP500,CAT,CAT,two_week_momentum_watch,2026-03-19,10,0.0114,4,3,False
2026-03-20T17:44:51.949916,2026-03-20,sp500_alerts_v1,SP500,ELV,ELV,two_week_momentum_watch,2026-03-19,10,0.0114,5,2,False
2026-03-20T17:44:51.949916,2026-03-20,sp500_alerts_v1,SP500,CARR,CARR,two_week_momentum_watch,2026-03-19,10,0.0106,6,2,False
2026-03-20T17:44:51.949916,2026-03-20,sp500_alerts_v1,SP500,EXE,EXE,two_week_momentum_watch,2026-03-19,10,0.0104,4,2,False
2026-03-20T17:44:51.949916,2026-03-20,sp500_alerts_v1,SP500,EW,EW,two_week_momentum_watch,2026-03-19,10,0.01,4,3,False
2026-03-20T17:44:51.949916,2026-03-20,sp500_alerts_v1,SP500,TRGP,TRGP,two_week_momentum_watch,2026-03-19,10,0.0098,5,2,False
2026-03-20T17:44:51.949916,2026-03-20,sp500_alerts_v1,SP500,JCI,JCI,two_week_momentum_watch,2026-03-19,10,0.0095,6,2,False
2026-03-20T17:44:51.949916,2026-03-20,sp500_alerts_v1,SP500,BXP,BXP,two_week_momentum_watch,2026-03-19,10,0.0089,5,1,False
2026-03-20T17:44:51.949916,2026-03-20,sp500_alerts_v1,SP500,WELL,WELL,two_week_momentum_watch,2026-03-19,10,0.0088,6,2,False
2026-03-20T17:44:51.949916,2026-03-20,sp500_alerts_v1,SP500,ALB,ALB,two_week_momentum_watch,2026-03-19,10,0.0085,4,2,False
2026-03-20T17:44:51.949916,2026-03-20,sp500_alerts_v1,SP500,LVS,LVS,two_week_momentum_watch,2026-03-19,10,0.0084,6,1,False
2026-03-20T17:44:51.949916,2026-03-20,sp500_alerts_v1,SP500,VTR,VTR,two_week_momentum_watch,2026-03-19,10,0.008,5,2,False
2026-03-20T17:44:51.949916,2026-03-20,sp500_alerts_v1,SP500,DECK,DECK,two_week_momentum_watch,2026-03-19,10,0.0063,6,2,False
2026-03-20T17:44:51.949916,2026-03-20,sp500_alerts_v1,SP500,DRI,DRI,two_week_momentum_watch,2026-03-19,10,0.0061,4,2,False
2026-03-20T17:44:51.949916,2026-03-20,sp500_alerts_v1,SP500,IRM,IRM,two_week_momentum_watch,2026-03-19,10,0.0059,4,3,False
2026-03-20T17:44:51.949916,2026-03-20,sp500_alerts_v1,SP500,RL,RL,two_week_momentum_watch,2026-03-19,10,0.0055,4,3,False
2026-03-20T17:44:51.949916,2026-03-20,sp500_alerts_v1,SP500,NI,NI,two_week_momentum_watch,2026-03-19,10,0.005,5,2,False
2026-03-20T17:44:51.949916,2026-03-20,sp500_alerts_v1,SP500,WMB,WMB,two_week_momentum_watch,2026-03-19,10,0.0048,5,2,False
2026-03-20T17:44:51.949916,2026-03-20,sp500_alerts_v1,SP500,MOS,MOS,two_week_momentum_watch,2026-03-19,10,0.0042,4,2,False
2026-03-20T17:44:51.949916,2026-03-20,sp500_alerts_v1,SP500,NVDA,NVDA,two_week_momentum_watch,2026-03-19,10,0.0042,4,3,False
2026-03-20T17:44:51.949916,2026-03-20,sp500_alerts_v1,SP500,CMS,CMS,two_week_momentum_watch,2026-03-19,10,0.0038,5,2,False
2026-03-20T17:44:51.949916,2026-03-20,sp500_alerts_v1,SP500,MAR,MAR,two_week_momentum_watch,2026-03-19,10,0.0034,5,2,False
2026-03-20T17:44:51.949916,2026-03-20,sp500_alerts_v1,SP500,CME,CME,two_week_momentum_watch,2026-03-19,10,0.0033,5,2,False
2026-03-20T17:44:51.949916,2026-03-20,sp500_alerts_v1,SP500,VRTX,VRTX,two_week_momentum_watch,2026-03-19,10,0.003,3,6,False
2026-03-20T17:44:51.949916,2026-03-20,sp500_alerts_v1,SP500,UBER,UBER,two_week_momentum_watch,2026-03-19,10,0.0028,4,2,False
2026-03-20T17:44:51.949916,2026-03-20,sp500_alerts_v1,SP500,EXPD,EXPD,two_week_momentum_watch,2026-03-19,10,0.0026,6,3,False
2026-03-20T17:44:51.949916,2026-03-20,sp500_alerts_v1,SP500,CMI,CMI,two_week_momentum_watch,2026-03-19,10,0.0019,4,3,False
2026-03-20T17:44:51.949916,2026-03-20,sp500_alerts_v1,SP500,EIX,EIX,two_week_momentum_watch,2026-03-19,10,0.0018,4,3,False
2026-03-20T17:44:51.949916,2026-03-20,sp500_alerts_v1,SP500,PEG,PEG,two_week_momentum_watch,2026-03-19,10,0.0011,4,3,False
2026-03-20T17:44:51.949916,2026-03-20,sp500_alerts_v1,SP500,PCG,PCG,two_week_momentum_watch,2026-03-19,10,0.0006,4,2,False
2026-03-20T17:44:51.949916,2026-03-20,sp500_alerts_v1,SP500,AES,AES,two_week_momentum_watch,2026-03-19,10,0.0,4,2,False
2026-03-20T17:44:51.949916,2026-03-20,sp500_alerts_v1,SP500,TT,TT,two_week_momentum_watch,2026-03-19,10,-0.0002,5,2,False
2026-03-20T17:44:51.949916,2026-03-20,sp500_alerts_v1,SP500,STT,STT,two_week_momentum_watch,2026-03-19,10,-0.0007,4,3,False
2026-03-20T17:44:51.949916,2026-03-20,sp500_alerts_v1,SP500,ATO,ATO,two_week_momentum_watch,2026-03-19,10,-0.0008,4,4,False
2026-03-20T17:44:51.949916,2026-03-20,sp500_alerts_v1,SP500,WEC,WEC,two_week_momentum_watch,2026-03-19,10,-0.0011,3,3,False
2026-03-20T17:44:51.949916,2026-03-20,sp500_alerts_v1,SP500,CSCO,CSCO,two_week_momentum_watch,2026-03-19,10,-0.0017,6,1,False
2026-03-20T17:44:51.949916,2026-03-20,sp500_alerts_v1,SP500,CRWD,CRWD,two_week_momentum_watch,2026-03-19,10,-0.0019,6,1,False
2026-03-20T17:44:51.949916,2026-03-20,sp500_alerts_v1,SP500,HLT,HLT,two_week_momentum_watch,2026-03-19,10,-0.0027,4,4,False
2026-03-20T17:44:51.949916,2026-03-20,sp500_alerts_v1,SP500,AWK,AWK,two_week_momentum_watch,2026-03-19,10,-0.0028,5,3,False
2026-03-20T17:44:51.949916,2026-03-20,sp500_alerts_v1,SP500,BK,BK,two_week_momentum_watch,2026-03-19,10,-0.0029,4,2,False
2026-03-20T17:44:51.949916,2026-03-20,sp500_alerts_v1,SP500,MRNA,MRNA,two_week_momentum_watch,2026-03-19,10,-0.0029,4,2,False
2026-03-20T17:44:51.949916,2026-03-20,sp500_alerts_v1,SP500,ROST,ROST,two_week_momentum_watch,2026-03-19,10,-0.003,5,3,False
2026-03-20T17:44:51.949916,2026-03-20,sp500_alerts_v1,SP500,LNT,LNT,two_week_momentum_watch,2026-03-19,10,-0.0032,4,3,False
2026-03-20T17:44:51.949916,2026-03-20,sp500_alerts_v1,SP500,MSI,MSI,two_week_momentum_watch,2026-03-19,10,-0.0035,3,4,False
2026-03-20T17:44:51.949916,2026-03-20,sp500_alerts_v1,SP500,KMI,KMI,two_week_momentum_watch,2026-03-19,10,-0.0042,4,3,False
2026-03-20T17:44:51.949916,2026-03-20,sp500_alerts_v1,SP500,FDX,FDX,two_week_momentum_watch,2026-03-19,10,-0.0043,5,2,False
2026-03-20T17:44:51.949916,2026-03-20,sp500_alerts_v1,SP500,KR,KR,two_week_momentum_watch,2026-03-19,10,-0.0047,3,3,False
2026-03-20T17:44:51.949916,2026-03-20,sp500_alerts_v1,SP500,ARES,ARES,two_week_momentum_watch,2026-03-19,10,-0.005,4,4,False
2026-03-20T17:44:51.949916,2026-03-20,sp500_alerts_v1,SP500,JPM,JPM,two_week_momentum_watch,2026-03-19,10,-0.0052,6,3,False
2026-03-20T17:44:51.949916,2026-03-20,sp500_alerts_v1,SP500,ED,ED,two_week_momentum_watch,2026-03-19,10,-0.0053,4,3,False
2026-03-20T17:44:51.949916,2026-03-20,sp500_alerts_v1,SP500,HOLX,HOLX,two_week_momentum_watch,2026-03-19,10,-0.0054,3,5,False
2026-03-20T17:44:51.949916,2026-03-20,sp500_alerts_v1,SP500,MRK,MRK,two_week_momentum_watch,2026-03-19,10,-0.0064,3,4,False
2026-03-20T17:44:51.949916,2026-03-20,sp500_alerts_v1,SP500,DVA,DVA,two_week_momentum_watch,2026-03-19,10,-0.0066,4,3,False
2026-03-20T17:44:51.949916,2026-03-20,sp500_alerts_v1,SP500,FTNT,FTNT,two_week_momentum_watch,2026-03-19,10,-0.0066,5,1,False
2026-03-20T17:44:51.949916,2026-03-20,sp500_alerts_v1,SP500,SPG,SPG,two_week_momentum_watch,2026-03-19,10,-0.0067,4,3,False
2026-03-20T17:44:51.949916,2026-03-20,sp500_alerts_v1,SP500,CEG,CEG,two_week_momentum_watch,2026-03-19,10,-0.0068,6,2,False
2026-03-20T17:44:51.949916,2026-03-20,sp500_alerts_v1,SP500,HST,HST,two_week_momentum_watch,2026-03-19,10,-0.0068,5,3,False
2026-03-20T17:44:51.949916,2026-03-20,sp500_alerts_v1,SP500,ETR,ETR,two_week_momentum_watch,2026-03-19,10,-0.0073,4,3,False
2026-03-20T17:44:51.949916,2026-03-20,sp500_alerts_v1,SP500,BIIB,BIIB,two_week_momentum_watch,2026-03-19,10,-0.0079,6,2,False
2026-03-20T17:44:51.949916,2026-03-20,sp500_alerts_v1,SP500,LHX,LHX,two_week_momentum_watch,2026-03-19,10,-0.0079,5,2,False
2026-03-20T17:44:51.949916,2026-03-20,sp500_alerts_v1,SP500,KKR,KKR,two_week_momentum_watch,2026-03-19,10,-0.008,4,4,False
2026-03-20T17:44:51.949916,2026-03-20,sp500_alerts_v1,SP500,KIM,KIM,two_week_momentum_watch,2026-03-19,10,-0.0082,4,2,False
2026-03-20T17:44:51.949916,2026-03-20,sp500_alerts_v1,SP500,CNP,CNP,two_week_momentum_watch,2026-03-19,10,-0.0083,4,3,False
2026-03-20T17:44:51.949916,2026-03-20,sp500_alerts_v1,SP500,APH,APH,two_week_momentum_watch,2026-03-19,10,-0.0093,5,2,False
2026-03-20T17:44:51.949916,2026-03-20,sp500_alerts_v1,SP500,PLTR,PLTR,two_week_momentum_watch,2026-03-19,10,-0.0094,5,2,False
2026-03-20T17:44:51.949916,2026-03-20,sp500_alerts_v1,SP500,TPR,TPR,two_week_momentum_watch,2026-03-19,10,-0.0094,4,4,False
2026-03-20T17:44:51.949916,2026-03-20,sp500_alerts_v1,SP500,WAT,WAT,two_week_momentum_watch,2026-03-19,10,-0.0098,5,3,False
2026-03-20T17:44:51.949916,2026-03-20,sp500_alerts_v1,SP500,CB,CB,two_week_momentum_watch,2026-03-19,10,-0.0104,5,2,False
2026-03-20T17:44:51.949916,2026-03-20,sp500_alerts_v1,SP500,MS,MS,two_week_momentum_watch,2026-03-19,10,-0.0107,7,1,False
2026-03-20T17:44:51.949916,2026-03-20,sp500_alerts_v1,SP500,AEE,AEE,two_week_momentum_watch,2026-03-19,10,-0.0109,3,3,False
2026-03-20T17:44:51.949916,2026-03-20,sp500_alerts_v1,SP500,WBD,WBD,two_week_momentum_watch,2026-03-19,10,-0.0114,5,2,False
2026-03-20T17:44:51.949916,2026-03-20,sp500_alerts_v1,SP500,JNJ,JNJ,two_week_momentum_watch,2026-03-19,10,-0.0116,4,3,False
2026-03-20T17:44:51.949916,2026-03-20,sp500_alerts_v1,SP500,FRT,FRT,two_week_momentum_watch,2026-03-19,10,-0.0117,5,2,False
2026-03-20T17:44:51.949916,2026-03-20,sp500_alerts_v1,SP500,DXCM,DXCM,two_week_momentum_watch,2026-03-19,10,-0.0122,4,4,False
2026-03-20T17:44:51.949916,2026-03-20,sp500_alerts_v1,SP500,DTE,DTE,two_week_momentum_watch,2026-03-19,10,-0.0122,5,3,False
2026-03-20T17:44:51.949916,2026-03-20,sp500_alerts_v1,SP500,LYV,LYV,two_week_momentum_watch,2026-03-19,10,-0.0124,4,2,False
2026-03-20T17:44:51.949916,2026-03-20,sp500_alerts_v1,SP500,LUV,LUV,two_week_momentum_watch,2026-03-19,10,-0.0124,5,3,False
2026-03-20T17:44:51.949916,2026-03-20,sp500_alerts_v1,SP500,KO,KO,two_week_momentum_watch,2026-03-19,10,-0.0126,4,3,False
2026-03-20T17:44:51.949916,2026-03-20,sp500_alerts_v1,SP500,SWKS,SWKS,two_week_momentum_watch,2026-03-19,10,-0.0126,3,5,False
2026-03-20T17:44:51.949916,2026-03-20,sp500_alerts_v1,SP500,SO,SO,two_week_momentum_watch,2026-03-19,10,-0.0128,3,3,False
2026-03-20T17:44:51.949916,2026-03-20,sp500_alerts_v1,SP500,SCHW,SCHW,two_week_momentum_watch,2026-03-19,10,-0.013,4,4,False
2026-03-20T17:44:51.949916,2026-03-20,sp500_alerts_v1,SP500,NWS,NWS,two_week_momentum_watch,2026-03-19,10,-0.013,5,2,False
2026-03-20T17:44:51.949916,2026-03-20,sp500_alerts_v1,SP500,UNH,UNH,two_week_momentum_watch,2026-03-19,10,-0.0135,5,2,False
2026-03-20T17:44:51.949916,2026-03-20,sp500_alerts_v1,SP500,GILD,GILD,two_week_momentum_watch,2026-03-19,10,-0.014,4,3,False
2026-03-20T17:44:51.949916,2026-03-20,sp500_alerts_v1,SP500,GS,GS,two_week_momentum_watch,2026-03-19,10,-0.0145,5,3,False
2026-03-20T17:44:51.949916,2026-03-20,sp500_alerts_v1,SP500,IVZ,IVZ,two_week_momentum_watch,2026-03-19,10,-0.0152,5,2,False
2026-03-20T17:44:51.949916,2026-03-20,sp500_alerts_v1,SP500,GNRC,GNRC,two_week_momentum_watch,2026-03-19,10,-0.0155,6,2,False
2026-03-20T17:44:51.949916,2026-03-20,sp500_alerts_v1,SP500,REG,REG,two_week_momentum_watch,2026-03-19,10,-0.0155,4,2,False
2026-03-20T17:44:51.949916,2026-03-20,sp500_alerts_v1,SP500,MOH,MOH,two_week_momentum_watch,2026-03-19,10,-0.0156,5,2,False
2026-03-20T17:44:51.949916,2026-03-20,sp500_alerts_v1,SP500,MTD,MTD,two_week_momentum_watch,2026-03-19,10,-0.0158,4,3,False
2026-03-20T17:44:51.949916,2026-03-20,sp500_alerts_v1,SP500,PPL,PPL,two_week_momentum_watch,2026-03-19,10,-0.016,3,3,False
2026-03-20T17:44:51.949916,2026-03-20,sp500_alerts_v1,SP500,SMCI,SMCI,two_week_momentum_watch,2026-03-19,10,-0.0166,3,2,False
2026-03-20T17:44:51.949916,2026-03-20,sp500_alerts_v1,SP500,VRSN,VRSN,two_week_momentum_watch,2026-03-19,10,-0.0169,4,4,False
2026-03-20T17:44:51.949916,2026-03-20,sp500_alerts_v1,SP500,ADI,ADI,two_week_momentum_watch,2026-03-19,10,-0.017,5,2,False
2026-03-20T17:44:51.949916,2026-03-20,sp500_alerts_v1,SP500,CFG,CFG,two_week_momentum_watch,2026-03-19,10,-0.0171,5,3,False
2026-03-20T17:44:51.949916,2026-03-20,sp500_alerts_v1,SP500,SYF,SYF,two_week_momentum_watch,2026-03-19,10,-0.0174,5,4,False
2026-03-20T17:44:51.949916,2026-03-20,sp500_alerts_v1,SP500,PLD,PLD,two_week_momentum_watch,2026-03-19,10,-0.0178,4,3,False
2026-03-20T17:44:51.949916,2026-03-20,sp500_alerts_v1,SP500,ABNB,ABNB,two_week_momentum_watch,2026-03-19,10,-0.0183,4,2,False
2026-03-20T17:44:51.949916,2026-03-20,sp500_alerts_v1,SP500,GM,GM,two_week_momentum_watch,2026-03-19,10,-0.0189,4,3,False
2026-03-20T17:44:51.949916,2026-03-20,sp500_alerts_v1,SP500,TDY,TDY,two_week_momentum_watch,2026-03-19,10,-0.0193,5,2,False
2026-03-20T17:44:51.949916,2026-03-20,sp500_alerts_v1,SP500,EVRG,EVRG,two_week_momentum_watch,2026-03-19,10,-0.0194,3,3,False
2026-03-20T17:44:51.949916,2026-03-20,sp500_alerts_v1,SP500,PNC,PNC,two_week_momentum_watch,2026-03-19,10,-0.0197,3,4,False
2026-03-20T17:44:51.949916,2026-03-20,sp500_alerts_v1,SP500,AXP,AXP,two_week_momentum_watch,2026-03-19,10,-0.0202,4,3,False
2026-03-20T17:44:51.949916,2026-03-20,sp500_alerts_v1,SP500,NTRS,NTRS,two_week_momentum_watch,2026-03-19,10,-0.0203,3,3,False
2026-03-20T17:44:51.949916,2026-03-20,sp500_alerts_v1,SP500,NCLH,NCLH,two_week_momentum_watch,2026-03-19,10,-0.0204,4,2,False
2026-03-20T17:44:51.949916,2026-03-20,sp500_alerts_v1,SP500,USB,USB,two_week_momentum_watch,2026-03-19,10,-0.0204,3,2,False
2026-03-20T17:44:51.949916,2026-03-20,sp500_alerts_v1,SP500,BSX,BSX,two_week_momentum_watch,2026-03-19,10,-0.0205,5,3,False
2026-03-20T17:44:51.949916,2026-03-20,sp500_alerts_v1,SP500,NDSN,NDSN,two_week_momentum_watch,2026-03-19,10,-0.0206,4,2,False
2026-03-20T17:44:51.949916,2026-03-20,sp500_alerts_v1,SP500,LH,LH,two_week_momentum_watch,2026-03-19,10,-0.0207,5,2,False
2026-03-20T17:44:51.949916,2026-03-20,sp500_alerts_v1,SP500,DUK,DUK,two_week_momentum_watch,2026-03-19,10,-0.0208,4,3,False
2026-03-20T17:44:51.949916,2026-03-20,sp500_alerts_v1,SP500,AMZN,AMZN,two_week_momentum_watch,2026-03-19,10,-0.0209,4,3,False
2026-03-20T17:44:51.949916,2026-03-20,sp500_alerts_v1,SP500,ISRG,ISRG,two_week_momentum_watch,2026-03-19,10,-0.0209,4,2,False
2026-03-20T17:44:51.949916,2026-03-20,sp500_alerts_v1,SP500,SNPS,SNPS,two_week_momentum_watch,2026-03-19,10,-0.0209,3,2,False
2026-03-20T17:44:51.949916,2026-03-20,sp500_alerts_v1,SP500,WSM,WSM,two_week_momentum_watch,2026-03-19,10,-0.0211,5,2,False
2026-03-20T17:44:51.949916,2026-03-20,sp500_alerts_v1,SP500,EBAY,EBAY,two_week_momentum_watch,2026-03-19,10,-0.0212,5,2,False
2026-03-20T17:44:51.949916,2026-03-20,sp500_alerts_v1,SP500,NDAQ,NDAQ,two_week_momentum_watch,2026-03-19,10,-0.0213,4,4,False
2026-03-20T17:44:51.949916,2026-03-20,sp500_alerts_v1,SP500,XYL,XYL,two_week_momentum_watch,2026-03-19,10,-0.0215,4,4,False
2026-03-20T17:44:51.949916,2026-03-20,sp500_alerts_v1,SP500,ABT,ABT,two_week_momentum_watch,2026-03-19,10,-0.0216,3,4,False
2026-03-20T17:44:51.949916,2026-03-20,sp500_alerts_v1,SP500,MO,MO,two_week_momentum_watch,2026-03-19,10,-0.0217,4,4,False
2026-03-20T17:44:51.949916,2026-03-20,sp500_alerts_v1,SP500,RCL,RCL,two_week_momentum_watch,2026-03-19,10,-0.0219,5,2,False
2026-03-20T17:44:51.949916,2026-03-20,sp500_alerts_v1,SP500,WMT,WMT,two_week_momentum_watch,2026-03-19,10,-0.0219,4,4,False
2026-03-20T17:44:51.949916,2026-03-20,sp500_alerts_v1,SP500,MCK,MCK,two_week_momentum_watch,2026-03-19,10,-0.0221,4,3,False
2026-03-20T17:44:51.949916,2026-03-20,sp500_alerts_v1,SP500,TROW,TROW,two_week_momentum_watch,2026-03-19,10,-0.0223,5,2,False
2026-03-20T17:44:51.949916,2026-03-20,sp500_alerts_v1,SP500,WST,WST,two_week_momentum_watch,2026-03-19,10,-0.0225,5,2,False
2026-03-20T17:44:51.949916,2026-03-20,sp500_alerts_v1,SP500,FE,FE,two_week_momentum_watch,2026-03-19,10,-0.0226,4,3,False
2026-03-20T17:44:51.949916,2026-03-20,sp500_alerts_v1,SP500,TKO,TKO,two_week_momentum_watch,2026-03-19,10,-0.0226,5,3,False
2026-03-20T17:44:51.949916,2026-03-20,sp500_alerts_v1,SP500,MSCI,MSCI,two_week_momentum_watch,2026-03-19,10,-0.0228,3,4,False
2026-03-20T17:44:51.949916,2026-03-20,sp500_alerts_v1,SP500,MCHP,MCHP,two_week_momentum_watch,2026-03-19,10,-0.0229,6,2,False
2026-03-20T17:44:51.949916,2026-03-20,sp500_alerts_v1,SP500,DIS,DIS,two_week_momentum_watch,2026-03-19,10,-0.023,2,5,False
2026-03-20T17:44:51.949916,2026-03-20,sp500_alerts_v1,SP500,PNW,PNW,two_week_momentum_watch,2026-03-19,10,-0.0231,3,3,False
2026-03-20T17:44:51.949916,2026-03-20,sp500_alerts_v1,SP500,COST,COST,two_week_momentum_watch,2026-03-19,10,-0.0234,3,4,False
2026-03-20T17:44:51.949916,2026-03-20,sp500_alerts_v1,SP500,YUM,YUM,two_week_momentum_watch,2026-03-19,10,-0.0234,4,3,False
2026-03-20T17:44:51.949916,2026-03-20,sp500_alerts_v1,SP500,ARE,ARE,two_week_momentum_watch,2026-03-19,10,-0.0239,4,2,False
2026-03-20T17:44:51.949916,2026-03-20,sp500_alerts_v1,SP500,AEP,AEP,two_week_momentum_watch,2026-03-19,10,-0.0239,4,3,False
2026-03-20T17:44:51.949916,2026-03-20,sp500_alerts_v1,SP500,NWSA,NWSA,two_week_momentum_watch,2026-03-19,10,-0.024,4,2,False
2026-03-20T17:44:51.949916,2026-03-20,sp500_alerts_v1,SP500,MNST,MNST,two_week_momentum_watch,2026-03-19,10,-0.0247,5,2,False
2026-03-20T17:44:51.949916,2026-03-20,sp500_alerts_v1,SP500,HII,HII,two_week_momentum_watch,2026-03-19,10,-0.0249,6,2,False
2026-03-20T17:44:51.949916,2026-03-20,sp500_alerts_v1,SP500,DGX,DGX,two_week_momentum_watch,2026-03-19,10,-0.0254,2,5,False
2026-03-20T17:44:51.949916,2026-03-20,sp500_alerts_v1,SP500,TXN,TXN,two_week_momentum_watch,2026-03-19,10,-0.0256,6,2,False
2026-03-20T17:44:51.949916,2026-03-20,sp500_alerts_v1,SP500,PH,PH,two_week_momentum_watch,2026-03-19,10,-0.0257,4,3,False
2026-03-20T17:44:51.949916,2026-03-20,sp500_alerts_v1,SP500,CI,CI,two_week_momentum_watch,2026-03-19,10,-0.026,4,3,False
2026-03-20T17:44:51.949916,2026-03-20,sp500_alerts_v1,SP500,CBRE,CBRE,two_week_momentum_watch,2026-03-19,10,-0.0265,4,3,False
2026-03-20T17:44:51.949916,2026-03-20,sp500_alerts_v1,SP500,HON,HON,two_week_momentum_watch,2026-03-19,10,-0.0266,4,3,False
2026-03-20T17:44:51.949916,2026-03-20,sp500_alerts_v1,SP500,LULU,LULU,two_week_momentum_watch,2026-03-19,10,-0.0268,3,5,False
2026-03-20T17:44:51.949916,2026-03-20,sp500_alerts_v1,SP500,CHRW,CHRW,two_week_momentum_watch,2026-03-19,10,-0.0269,4,4,False
2026-03-20T17:44:51.949916,2026-03-20,sp500_alerts_v1,SP500,EXC,EXC,two_week_momentum_watch,2026-03-19,10,-0.0274,3,3,False
2026-03-20T17:44:51.949916,2026-03-20,sp500_alerts_v1,SP500,TRV,TRV,two_week_momentum_watch,2026-03-19,10,-0.0274,5,2,False
2026-03-20T17:44:51.949916,2026-03-20,sp500_alerts_v1,SP500,DHR,DHR,two_week_momentum_watch,2026-03-19,10,-0.0276,4,3,False
2026-03-20T17:44:51.949916,2026-03-20,sp500_alerts_v1,SP500,UHS,UHS,two_week_momentum_watch,2026-03-19,10,-0.0282,3,3,False
2026-03-20T17:44:51.949916,2026-03-20,sp500_alerts_v1,SP500,A,A,two_week_momentum_watch,2026-03-19,10,-0.0289,4,4,False
2026-03-20T17:44:51.949916,2026-03-20,sp500_alerts_v1,SP500,XEL,XEL,two_week_momentum_watch,2026-03-19,10,-0.0291,1,4,False
2026-03-20T17:44:51.949916,2026-03-20,sp500_alerts_v1,SP500,KEY,KEY,two_week_momentum_watch,2026-03-19,10,-0.0292,4,3,False
2026-03-20T17:44:51.949916,2026-03-20,sp500_alerts_v1,SP500,TJX,TJX,two_week_momentum_watch,2026-03-19,10,-0.0292,3,3,False
2026-03-20T17:44:51.949916,2026-03-20,sp500_alerts_v1,SP500,REGN,REGN,two_week_momentum_watch,2026-03-19,10,-0.0295,4,2,False
2026-03-20T17:44:51.949916,2026-03-20,sp500_alerts_v1,SP500,CDW,CDW,two_week_momentum_watch,2026-03-19,10,-0.0305,5,2,False
2026-03-20T17:44:51.949916,2026-03-20,sp500_alerts_v1,SP500,SNA,SNA,two_week_momentum_watch,2026-03-19,10,-0.0306,3,3,False
2026-03-20T17:44:51.949916,2026-03-20,sp500_alerts_v1,SP500,GRMN,GRMN,two_week_momentum_watch,2026-03-19,10,-0.0307,3,5,False
2026-03-20T17:44:51.949916,2026-03-20,sp500_alerts_v1,SP500,WAB,WAB,two_week_momentum_watch,2026-03-19,10,-0.0308,2,4,False
2026-03-20T17:44:51.949916,2026-03-20,sp500_alerts_v1,SP500,AMT,AMT,two_week_momentum_watch,2026-03-19,10,-0.0309,4,4,False
2026-03-20T17:44:51.949916,2026-03-20,sp500_alerts_v1,SP500,FTV,FTV,two_week_momentum_watch,2026-03-19,10,-0.031,3,3,False
2026-03-20T17:44:51.949916,2026-03-20,sp500_alerts_v1,SP500,INCY,INCY,two_week_momentum_watch,2026-03-19,10,-0.0312,5,3,False
2026-03-20T17:44:51.949916,2026-03-20,sp500_alerts_v1,SP500,T,T,two_week_momentum_watch,2026-03-19,10,-0.0314,6,1,False
2026-03-20T17:44:51.949916,2026-03-20,sp500_alerts_v1,SP500,GL,GL,two_week_momentum_watch,2026-03-19,10,-0.0314,3,3,False
2026-03-20T17:44:51.949916,2026-03-20,sp500_alerts_v1,SP500,CAH,CAH,two_week_momentum_watch,2026-03-19,10,-0.0315,3,3,False
2026-03-20T17:44:51.949916,2026-03-20,sp500_alerts_v1,SP500,SBUX,SBUX,two_week_momentum_watch,2026-03-19,10,-0.0319,4,5,False
2026-03-20T17:44:51.949916,2026-03-20,sp500_alerts_v1,SP500,CDNS,CDNS,two_week_momentum_watch,2026-03-19,10,-0.0321,4,2,False
2026-03-20T17:44:51.949916,2026-03-20,sp500_alerts_v1,SP500,VZ,VZ,two_week_momentum_watch,2026-03-19,10,-0.0321,2,4,False
2026-03-20T17:44:51.949916,2026-03-20,sp500_alerts_v1,SP500,AVGO,AVGO,two_week_momentum_watch,2026-03-19,10,-0.0322,3,4,False
2026-03-20T17:44:51.949916,2026-03-20,sp500_alerts_v1,SP500,QCOM,QCOM,two_week_momentum_watch,2026-03-19,10,-0.0325,3,5,False
2026-03-20T17:44:51.949916,2026-03-20,sp500_alerts_v1,SP500,MDLZ,MDLZ,two_week_momentum_watch,2026-03-19,10,-0.0327,4,4,False
2026-03-20T17:44:51.949916,2026-03-20,sp500_alerts_v1,SP500,SOLV,SOLV,two_week_momentum_watch,2026-03-19,10,-0.0327,5,2,False
2026-03-20T17:44:51.949916,2026-03-20,sp500_alerts_v1,SP500,IBM,IBM,two_week_momentum_watch,2026-03-19,10,-0.0328,2,5,False
2026-03-20T17:44:51.949916,2026-03-20,sp500_alerts_v1,SP500,AAPL,AAPL,two_week_momentum_watch,2026-03-19,10,-0.033,4,3,False
2026-03-20T17:44:51.949916,2026-03-20,sp500_alerts_v1,SP500,CCL,CCL,two_week_momentum_watch,2026-03-19,10,-0.033,5,3,False
2026-03-20T17:44:51.949916,2026-03-20,sp500_alerts_v1,SP500,HAS,HAS,two_week_momentum_watch,2026-03-19,10,-0.0331,3,2,False
2026-03-20T17:44:51.949916,2026-03-20,sp500_alerts_v1,SP500,BAC,BAC,two_week_momentum_watch,2026-03-19,10,-0.0335,4,3,False
2026-03-20T17:44:51.949916,2026-03-20,sp500_alerts_v1,SP500,ESS,ESS,two_week_momentum_watch,2026-03-19,10,-0.0347,3,2,False
2026-03-20T17:44:51.949916,2026-03-20,sp500_alerts_v1,SP500,RSG,RSG,two_week_momentum_watch,2026-03-19,10,-0.0348,4,2,False
2026-03-20T17:44:51.949916,2026-03-20,sp500_alerts_v1,SP500,HPQ,HPQ,two_week_momentum_watch,2026-03-19,10,-0.035,3,3,False
2026-03-20T17:44:51.949916,2026-03-20,sp500_alerts_v1,SP500,D,D,two_week_momentum_watch,2026-03-19,10,-0.0351,3,3,False
2026-03-20T17:44:51.949916,2026-03-20,sp500_alerts_v1,SP500,FIS,FIS,two_week_momentum_watch,2026-03-19,10,-0.0351,4,3,False
2026-03-20T17:44:51.949916,2026-03-20,sp500_alerts_v1,SP500,FOXA,FOXA,two_week_momentum_watch,2026-03-19,10,-0.0351,4,3,False
2026-03-20T17:44:51.949916,2026-03-20,sp500_alerts_v1,SP500,CRM,CRM,two_week_momentum_watch,2026-03-19,10,-0.0352,3,3,False
2026-03-20T17:44:51.949916,2026-03-20,sp500_alerts_v1,SP500,PODD,PODD,two_week_momentum_watch,2026-03-19,10,-0.0354,4,2,False
2026-03-20T17:44:51.949916,2026-03-20,sp500_alerts_v1,SP500,BMY,BMY,two_week_momentum_watch,2026-03-19,10,-0.0362,3,3,False
2026-03-20T17:44:51.949916,2026-03-20,sp500_alerts_v1,SP500,TEL,TEL,two_week_momentum_watch,2026-03-19,10,-0.0362,6,1,False
2026-03-20T17:44:51.949916,2026-03-20,sp500_alerts_v1,SP500,O,O,two_week_momentum_watch,2026-03-19,10,-0.0363,2,3,False
2026-03-20T17:44:51.949916,2026-03-20,sp500_alerts_v1,SP500,CSX,CSX,two_week_momentum_watch,2026-03-19,10,-0.0365,5,2,False
2026-03-20T17:44:51.949916,2026-03-20,sp500_alerts_v1,SP500,L,L,two_week_momentum_watch,2026-03-19,10,-0.0366,3,3,False
2026-03-20T17:44:51.949916,2026-03-20,sp500_alerts_v1,SP500,AFL,AFL,two_week_momentum_watch,2026-03-19,10,-0.037,4,2,False
2026-03-20T17:44:51.949916,2026-03-20,sp500_alerts_v1,SP500,BBY,BBY,two_week_momentum_watch,2026-03-19,10,-0.0373,3,5,False
2026-03-20T17:44:51.949916,2026-03-20,sp500_alerts_v1,SP500,DE,DE,two_week_momentum_watch,2026-03-19,10,-0.0376,3,3,False
2026-03-20T17:44:51.949916,2026-03-20,sp500_alerts_v1,SP500,PGR,PGR,two_week_momentum_watch,2026-03-19,10,-0.0376,3,4,False
2026-03-20T17:44:51.949916,2026-03-20,sp500_alerts_v1,SP500,TSN,TSN,two_week_momentum_watch,2026-03-19,10,-0.0376,3,3,False
2026-03-20T17:44:51.949916,2026-03-20,sp500_alerts_v1,SP500,POOL,POOL,two_week_momentum_watch,2026-03-19,10,-0.0378,5,2,False
2026-03-20T17:44:51.949916,2026-03-20,sp500_alerts_v1,SP500,HOOD,HOOD,two_week_momentum_watch,2026-03-19,10,-0.038,4,2,False
2026-03-20T17:44:51.949916,2026-03-20,sp500_alerts_v1,SP500,GD,GD,two_week_momentum_watch,2026-03-19,10,-0.0381,3,3,False
2026-03-20T17:44:51.949916,2026-03-20,sp500_alerts_v1,SP500,ROK,ROK,two_week_momentum_watch,2026-03-19,10,-0.0381,4,3,False
2026-03-20T17:44:51.949916,2026-03-20,sp500_alerts_v1,SP500,DD,DD,two_week_momentum_watch,2026-03-19,10,-0.0384,4,2,False
2026-03-20T17:44:51.949916,2026-03-20,sp500_alerts_v1,SP500,VTRS,VTRS,two_week_momentum_watch,2026-03-19,10,-0.0385,2,4,False
2026-03-20T17:44:51.949916,2026-03-20,sp500_alerts_v1,SP500,ROP,ROP,two_week_momentum_watch,2026-03-19,10,-0.0387,4,4,False
2026-03-20T17:44:51.949916,2026-03-20,sp500_alerts_v1,SP500,ALL,ALL,two_week_momentum_watch,2026-03-19,10,-0.0389,2,4,False
2026-03-20T17:44:51.949916,2026-03-20,sp500_alerts_v1,SP500,KDP,KDP,two_week_momentum_watch,2026-03-19,10,-0.0389,4,4,False
2026-03-20T17:44:51.949916,2026-03-20,sp500_alerts_v1,SP500,PM,PM,two_week_momentum_watch,2026-03-19,10,-0.0389,4,3,False
2026-03-20T17:44:51.949916,2026-03-20,sp500_alerts_v1,SP500,ALLE,ALLE,two_week_momentum_watch,2026-03-19,10,-0.0399,3,4,False
2026-03-20T17:44:51.949916,2026-03-20,sp500_alerts_v1,SP500,PNR,PNR,two_week_momentum_watch,2026-03-19,10,-0.0399,5,2,False
2026-03-20T17:44:51.949916,2026-03-20,sp500_alerts_v1,SP500,NUE,NUE,two_week_momentum_watch,2026-03-19,10,-0.0403,4,5,False
2026-03-20T17:44:51.949916,2026-03-20,sp500_alerts_v1,SP500,EXPE,EXPE,two_week_momentum_watch,2026-03-19,10,-0.0409,3,4,False
2026-03-20T17:44:51.949916,2026-03-20,sp500_alerts_v1,SP500,TSLA,TSLA,two_week_momentum_watch,2026-03-19,10,-0.0414,5,2,False
2026-03-20T17:44:51.949916,2026-03-20,sp500_alerts_v1,SP500,SYY,SYY,two_week_momentum_watch,2026-03-19,10,-0.0418,3,4,False
2026-03-20T17:44:51.949916,2026-03-20,sp500_alerts_v1,SP500,F,F,two_week_momentum_watch,2026-03-19,10,-0.042,4,3,False
2026-03-20T17:44:51.949916,2026-03-20,sp500_alerts_v1,SP500,PEP,PEP,two_week_momentum_watch,2026-03-19,10,-0.042,2,4,False
2026-03-20T17:44:51.949916,2026-03-20,sp500_alerts_v1,SP500,FOX,FOX,two_week_momentum_watch,2026-03-19,10,-0.0422,2,5,False
2026-03-20T17:44:51.949916,2026-03-20,sp500_alerts_v1,SP500,FAST,FAST,two_week_momentum_watch,2026-03-19,10,-0.0424,5,2,False
2026-03-20T17:44:51.949916,2026-03-20,sp500_alerts_v1,SP500,COF,COF,two_week_momentum_watch,2026-03-19,10,-0.0425,3,4,False
2026-03-20T17:44:51.949916,2026-03-20,sp500_alerts_v1,SP500,TECH,TECH,two_week_momentum_watch,2026-03-19,10,-0.0427,4,3,False
2026-03-20T17:44:51.949916,2026-03-20,sp500_alerts_v1,SP500,RTX,RTX,two_week_momentum_watch,2026-03-19,10,-0.043,4,2,False
2026-03-20T17:44:51.949916,2026-03-20,sp500_alerts_v1,SP500,JKHY,JKHY,two_week_momentum_watch,2026-03-19,10,-0.0431,1,4,False
2026-03-20T17:44:51.949916,2026-03-20,sp500_alerts_v1,SP500,ICE,ICE,two_week_momentum_watch,2026-03-19,10,-0.0432,4,3,False
2026-03-20T17:44:51.949916,2026-03-20,sp500_alerts_v1,SP500,MDT,MDT,two_week_momentum_watch,2026-03-19,10,-0.0443,3,4,False
2026-03-20T17:44:51.949916,2026-03-20,sp500_alerts_v1,SP500,MET,MET,two_week_momentum_watch,2026-03-19,10,-0.0448,3,5,False
2026-03-20T17:44:51.949916,2026-03-20,sp500_alerts_v1,SP500,ZTS,ZTS,two_week_momentum_watch,2026-03-19,10,-0.0448,4,3,False
2026-03-20T17:44:51.949916,2026-03-20,sp500_alerts_v1,SP500,ZBH,ZBH,two_week_momentum_watch,2026-03-19,10,-0.0454,4,2,False
2026-03-20T17:44:51.949916,2026-03-20,sp500_alerts_v1,SP500,CINF,CINF,two_week_momentum_watch,2026-03-19,10,-0.0455,3,3,False
2026-03-20T17:44:51.949916,2026-03-20,sp500_alerts_v1,SP500,AME,AME,two_week_momentum_watch,2026-03-19,10,-0.0457,4,3,False
2026-03-20T17:44:51.949916,2026-03-20,sp500_alerts_v1,SP500,WM,WM,two_week_momentum_watch,2026-03-19,10,-0.0459,5,3,False
2026-03-20T17:44:51.949916,2026-03-20,sp500_alerts_v1,SP500,IQV,IQV,two_week_momentum_watch,2026-03-19,10,-0.046,5,2,False
2026-03-20T17:44:51.949916,2026-03-20,sp500_alerts_v1,SP500,TTWO,TTWO,two_week_momentum_watch,2026-03-19,10,-0.0461,2,6,False
2026-03-20T17:44:51.949916,2026-03-20,sp500_alerts_v1,SP500,INVH,INVH,two_week_momentum_watch,2026-03-19,10,-0.0462,3,5,False
2026-03-20T17:44:51.949916,2026-03-20,sp500_alerts_v1,SP500,NXPI,NXPI,two_week_momentum_watch,2026-03-19,10,-0.0465,3,4,False
2026-03-20T17:44:51.949916,2026-03-20,sp500_alerts_v1,SP500,IDXX,IDXX,two_week_momentum_watch,2026-03-19,10,-0.0469,6,1,False
2026-03-20T17:44:51.949916,2026-03-20,sp500_alerts_v1,SP500,CCI,CCI,two_week_momentum_watch,2026-03-19,10,-0.0475,4,4,False
2026-03-20T17:44:51.949916,2026-03-20,sp500_alerts_v1,SP500,PRU,PRU,two_week_momentum_watch,2026-03-19,10,-0.0475,2,5,False
2026-03-20T17:44:51.949916,2026-03-20,sp500_alerts_v1,SP500,EG,EG,two_week_momentum_watch,2026-03-19,10,-0.0484,4,3,False
2026-03-20T17:44:51.949916,2026-03-20,sp500_alerts_v1,SP500,TRMB,TRMB,two_week_momentum_watch,2026-03-19,10,-0.0485,5,3,False
2026-03-20T17:44:51.949916,2026-03-20,sp500_alerts_v1,SP500,APTV,APTV,two_week_momentum_watch,2026-03-19,10,-0.0486,4,3,False
2026-03-20T17:44:51.949916,2026-03-20,sp500_alerts_v1,SP500,MSFT,MSFT,two_week_momentum_watch,2026-03-19,10,-0.0488,2,4,False
2026-03-20T17:44:51.949916,2026-03-20,sp500_alerts_v1,SP500,IR,IR,two_week_momentum_watch,2026-03-19,10,-0.0494,5,3,False
2026-03-20T17:44:51.949916,2026-03-20,sp500_alerts_v1,SP500,VLTO,VLTO,two_week_momentum_watch,2026-03-19,10,-0.0495,2,4,False
2026-03-20T17:44:51.949916,2026-03-20,sp500_alerts_v1,SP500,AIZ,AIZ,two_week_momentum_watch,2026-03-19,10,-0.0496,3,3,False
2026-03-20T17:44:51.949916,2026-03-20,sp500_alerts_v1,SP500,WFC,WFC,two_week_momentum_watch,2026-03-19,10,-0.0501,3,5,False
2026-03-20T17:44:51.949916,2026-03-20,sp500_alerts_v1,SP500,CRH,CRH,two_week_momentum_watch,2026-03-19,10,-0.0507,4,3,False
2026-03-20T17:44:51.949916,2026-03-20,sp500_alerts_v1,SP500,LMT,LMT,two_week_momentum_watch,2026-03-19,10,-0.051,2,3,False
2026-03-20T17:44:51.949916,2026-03-20,sp500_alerts_v1,SP500,ADSK,ADSK,two_week_momentum_watch,2026-03-19,10,-0.0511,2,4,False
2026-03-20T17:44:51.949916,2026-03-20,sp500_alerts_v1,SP500,ACGL,ACGL,two_week_momentum_watch,2026-03-19,10,-0.0518,3,3,False
2026-03-20T17:44:51.949916,2026-03-20,sp500_alerts_v1,SP500,WTW,WTW,two_week_momentum_watch,2026-03-19,10,-0.0519,3,3,False
2026-03-20T17:44:51.949916,2026-03-20,sp500_alerts_v1,SP500,KVUE,KVUE,two_week_momentum_watch,2026-03-19,10,-0.0522,3,4,False
2026-03-20T17:44:51.949916,2026-03-20,sp500_alerts_v1,SP500,TGT,TGT,two_week_momentum_watch,2026-03-19,10,-0.0523,2,4,False
2026-03-20T17:44:51.949916,2026-03-20,sp500_alerts_v1,SP500,GEHC,GEHC,two_week_momentum_watch,2026-03-19,10,-0.0524,5,3,False
2026-03-20T17:44:51.949916,2026-03-20,sp500_alerts_v1,SP500,WRB,WRB,two_week_momentum_watch,2026-03-19,10,-0.0529,3,2,False
2026-03-20T17:44:51.949916,2026-03-20,sp500_alerts_v1,SP500,AMGN,AMGN,two_week_momentum_watch,2026-03-19,10,-0.0531,3,3,False
2026-03-20T17:44:51.949916,2026-03-20,sp500_alerts_v1,SP500,IEX,IEX,two_week_momentum_watch,2026-03-19,10,-0.0532,3,4,False
2026-03-20T17:44:51.949916,2026-03-20,sp500_alerts_v1,SP500,ACN,ACN,two_week_momentum_watch,2026-03-19,10,-0.0533,3,4,False
2026-03-20T17:44:51.949916,2026-03-20,sp500_alerts_v1,SP500,INTU,INTU,two_week_momentum_watch,2026-03-19,10,-0.0539,4,4,False
2026-03-20T17:44:51.949916,2026-03-20,sp500_alerts_v1,SP500,UDR,UDR,two_week_momentum_watch,2026-03-19,10,-0.054,2,5,False
2026-03-20T17:44:51.949916,2026-03-20,sp500_alerts_v1,SP500,EQR,EQR,two_week_momentum_watch,2026-03-19,10,-0.0544,3,3,False
2026-03-20T17:44:51.949916,2026-03-20,sp500_alerts_v1,SP500,STE,STE,two_week_momentum_watch,2026-03-19,10,-0.0546,4,4,False
2026-03-20T17:44:51.949916,2026-03-20,sp500_alerts_v1,SP500,WY,WY,two_week_momentum_watch,2026-03-19,10,-0.0547,3,4,False
2026-03-20T17:44:51.949916,2026-03-20,sp500_alerts_v1,SP500,NOC,NOC,two_week_momentum_watch,2026-03-19,10,-0.0555,3,3,False
2026-03-20T17:44:51.949916,2026-03-20,sp500_alerts_v1,SP500,V,V,two_week_momentum_watch,2026-03-19,10,-0.0556,3,4,False
2026-03-20T17:44:51.949916,2026-03-20,sp500_alerts_v1,SP500,AIG,AIG,two_week_momentum_watch,2026-03-19,10,-0.0558,4,2,False
2026-03-20T17:44:51.949916,2026-03-20,sp500_alerts_v1,SP500,CBOE,CBOE,two_week_momentum_watch,2026-03-19,10,-0.056,3,3,False
2026-03-20T17:44:51.949916,2026-03-20,sp500_alerts_v1,SP500,TFC,TFC,two_week_momentum_watch,2026-03-19,10,-0.0561,4,4,False
2026-03-20T17:44:51.949916,2026-03-20,sp500_alerts_v1,SP500,BKNG,BKNG,two_week_momentum_watch,2026-03-19,10,-0.0563,3,4,False
2026-03-20T17:44:51.949916,2026-03-20,sp500_alerts_v1,SP500,MCD,MCD,two_week_momentum_watch,2026-03-19,10,-0.0563,3,3,False
2026-03-20T17:44:51.949916,2026-03-20,sp500_alerts_v1,SP500,BALL,BALL,two_week_momentum_watch,2026-03-19,10,-0.0566,2,4,False
2026-03-20T17:44:51.949916,2026-03-20,sp500_alerts_v1,SP500,HIG,HIG,two_week_momentum_watch,2026-03-19,10,-0.0567,2,5,False
2026-03-20T17:44:51.949916,2026-03-20,sp500_alerts_v1,SP500,UPS,UPS,two_week_momentum_watch,2026-03-19,10,-0.0567,3,3,False
2026-03-20T17:44:51.949916,2026-03-20,sp500_alerts_v1,SP500,VICI,VICI,two_week_momentum_watch,2026-03-19,10,-0.057,2,3,False
2026-03-20T17:44:51.949916,2026-03-20,sp500_alerts_v1,SP500,PG,PG,two_week_momentum_watch,2026-03-19,10,-0.0572,4,3,False
2026-03-20T17:44:51.949916,2026-03-20,sp500_alerts_v1,SP500,BDX,BDX,two_week_momentum_watch,2026-03-19,10,-0.0574,2,5,False
2026-03-20T17:44:51.949916,2026-03-20,sp500_alerts_v1,SP500,KMB,KMB,two_week_momentum_watch,2026-03-19,10,-0.0574,3,4,False
2026-03-20T17:44:51.949916,2026-03-20,sp500_alerts_v1,SP500,IT,IT,two_week_momentum_watch,2026-03-19,10,-0.0576,5,2,False
2026-03-20T17:44:51.949916,2026-03-20,sp500_alerts_v1,SP500,SPGI,SPGI,two_week_momentum_watch,2026-03-19,10,-0.058,3,4,False
2026-03-20T17:44:51.949916,2026-03-20,sp500_alerts_v1,SP500,BAX,BAX,two_week_momentum_watch,2026-03-19,10,-0.0582,3,3,False
2026-03-20T17:44:51.949916,2026-03-20,sp500_alerts_v1,SP500,META,META,two_week_momentum_watch,2026-03-19,10,-0.0584,4,3,False
2026-03-20T17:44:51.949916,2026-03-20,sp500_alerts_v1,SP500,VRSK,VRSK,two_week_momentum_watch,2026-03-19,10,-0.0588,4,2,False
2026-03-20T17:44:51.949916,2026-03-20,sp500_alerts_v1,SP500,SHW,SHW,two_week_momentum_watch,2026-03-19,10,-0.0591,3,3,False
2026-03-20T17:44:51.949916,2026-03-20,sp500_alerts_v1,SP500,PYPL,PYPL,two_week_momentum_watch,2026-03-19,10,-0.0592,4,2,False
2026-03-20T17:44:51.949916,2026-03-20,sp500_alerts_v1,SP500,ITW,ITW,two_week_momentum_watch,2026-03-19,10,-0.0597,2,4,False
2026-03-20T17:44:51.949916,2026-03-20,sp500_alerts_v1,SP500,MA,MA,two_week_momentum_watch,2026-03-19,10,-0.0597,3,4,False
2026-03-20T17:44:51.949916,2026-03-20,sp500_alerts_v1,SP500,ODFL,ODFL,two_week_momentum_watch,2026-03-19,10,-0.0599,4,3,False
2026-03-20T17:44:51.949916,2026-03-20,sp500_alerts_v1,SP500,HBAN,HBAN,two_week_momentum_watch,2026-03-19,10,-0.0604,3,5,False
2026-03-20T17:44:51.949916,2026-03-20,sp500_alerts_v1,SP500,RJF,RJF,two_week_momentum_watch,2026-03-19,10,-0.0604,3,4,False
2026-03-20T17:44:51.949916,2026-03-20,sp500_alerts_v1,SP500,PFG,PFG,two_week_momentum_watch,2026-03-19,10,-0.0606,2,5,False
2026-03-20T17:44:51.949916,2026-03-20,sp500_alerts_v1,SP500,CHD,CHD,two_week_momentum_watch,2026-03-19,10,-0.0608,2,4,False
2026-03-20T17:44:51.949916,2026-03-20,sp500_alerts_v1,SP500,HCA,HCA,two_week_momentum_watch,2026-03-19,10,-0.0608,2,4,False
2026-03-20T17:44:51.949916,2026-03-20,sp500_alerts_v1,SP500,EMR,EMR,two_week_momentum_watch,2026-03-19,10,-0.0611,4,3,False
2026-03-20T17:44:51.949916,2026-03-20,sp500_alerts_v1,SP500,RVTY,RVTY,two_week_momentum_watch,2026-03-19,10,-0.0611,5,3,False
2026-03-20T17:44:51.949916,2026-03-20,sp500_alerts_v1,SP500,ADP,ADP,two_week_momentum_watch,2026-03-19,10,-0.0612,4,4,False
2026-03-20T17:44:51.949916,2026-03-20,sp500_alerts_v1,SP500,ZBRA,ZBRA,two_week_momentum_watch,2026-03-19,10,-0.0613,3,2,False
2026-03-20T17:44:51.949916,2026-03-20,sp500_alerts_v1,SP500,EXR,EXR,two_week_momentum_watch,2026-03-19,10,-0.0617,2,4,False
2026-03-20T17:44:51.949916,2026-03-20,sp500_alerts_v1,SP500,JBHT,JBHT,two_week_momentum_watch,2026-03-19,10,-0.0618,3,4,False
2026-03-20T17:44:51.949916,2026-03-20,sp500_alerts_v1,SP500,MAS,MAS,two_week_momentum_watch,2026-03-19,10,-0.0619,3,3,False
2026-03-20T17:44:51.949916,2026-03-20,sp500_alerts_v1,SP500,TMO,TMO,two_week_momentum_watch,2026-03-19,10,-0.0623,4,4,False
2026-03-20T17:44:51.949916,2026-03-20,sp500_alerts_v1,SP500,MAA,MAA,two_week_momentum_watch,2026-03-19,10,-0.0624,2,5,False
2026-03-20T17:44:51.949916,2026-03-20,sp500_alerts_v1,SP500,NKE,NKE,two_week_momentum_watch,2026-03-19,10,-0.0626,2,5,False
2026-03-20T17:44:51.949916,2026-03-20,sp500_alerts_v1,SP500,GWW,GWW,two_week_momentum_watch,2026-03-19,10,-0.0627,3,3,False
2026-03-20T17:44:51.949916,2026-03-20,sp500_alerts_v1,SP500,PCAR,PCAR,two_week_momentum_watch,2026-03-19,10,-0.0629,2,4,False
2026-03-20T17:44:51.949916,2026-03-20,sp500_alerts_v1,SP500,DHI,DHI,two_week_momentum_watch,2026-03-19,10,-0.063,5,3,False
2026-03-20T17:44:51.949916,2026-03-20,sp500_alerts_v1,SP500,HSIC,HSIC,two_week_momentum_watch,2026-03-19,10,-0.0634,4,2,False
2026-03-20T17:44:51.949916,2026-03-20,sp500_alerts_v1,SP500,VMC,VMC,two_week_momentum_watch,2026-03-19,10,-0.0636,2,4,False
2026-03-20T17:44:51.949916,2026-03-20,sp500_alerts_v1,SP500,HSY,HSY,two_week_momentum_watch,2026-03-19,10,-0.064,2,4,False
2026-03-20T17:44:51.949916,2026-03-20,sp500_alerts_v1,SP500,J,J,two_week_momentum_watch,2026-03-19,10,-0.0641,4,2,False
2026-03-20T17:44:51.949916,2026-03-20,sp500_alerts_v1,SP500,CPT,CPT,two_week_momentum_watch,2026-03-19,10,-0.0643,2,5,False
2026-03-20T17:44:51.949916,2026-03-20,sp500_alerts_v1,SP500,ES,ES,two_week_momentum_watch,2026-03-19,10,-0.0648,3,2,False
2026-03-20T17:44:51.949916,2026-03-20,sp500_alerts_v1,SP500,LDOS,LDOS,two_week_momentum_watch,2026-03-19,10,-0.0648,5,2,False
2026-03-20T17:44:51.949916,2026-03-20,sp500_alerts_v1,SP500,TYL,TYL,two_week_momentum_watch,2026-03-19,10,-0.0655,2,4,False
2026-03-20T17:44:51.949916,2026-03-20,sp500_alerts_v1,SP500,TXT,TXT,two_week_momentum_watch,2026-03-19,10,-0.0658,2,3,False
2026-03-20T17:44:51.949916,2026-03-20,sp500_alerts_v1,SP500,AMP,AMP,two_week_momentum_watch,2026-03-19,10,-0.0663,2,4,False
2026-03-20T17:44:51.949916,2026-03-20,sp500_alerts_v1,SP500,SBAC,SBAC,two_week_momentum_watch,2026-03-19,10,-0.0664,1,4,False
2026-03-20T17:44:51.949916,2026-03-20,sp500_alerts_v1,SP500,MRSH,MRSH,two_week_momentum_watch,2026-03-19,10,-0.0665,2,4,False
2026-03-20T17:44:51.949916,2026-03-20,sp500_alerts_v1,SP500,MTB,MTB,two_week_momentum_watch,2026-03-19,10,-0.0676,2,5,False
2026-03-20T17:44:51.949916,2026-03-20,sp500_alerts_v1,SP500,TMUS,TMUS,two_week_momentum_watch,2026-03-19,10,-0.0676,3,4,False
2026-03-20T17:44:51.949916,2026-03-20,sp500_alerts_v1,SP500,RF,RF,two_week_momentum_watch,2026-03-19,10,-0.0677,3,5,False
2026-03-20T17:44:51.949916,2026-03-20,sp500_alerts_v1,SP500,SYK,SYK,two_week_momentum_watch,2026-03-19,10,-0.068,2,4,False
2026-03-20T17:44:51.949916,2026-03-20,sp500_alerts_v1,SP500,CMG,CMG,two_week_momentum_watch,2026-03-19,10,-0.0687,3,5,False
2026-03-20T17:44:51.949916,2026-03-20,sp500_alerts_v1,SP500,HWM,HWM,two_week_momentum_watch,2026-03-19,10,-0.0687,3,4,False
2026-03-20T17:44:51.949916,2026-03-20,sp500_alerts_v1,SP500,AON,AON,two_week_momentum_watch,2026-03-19,10,-0.0693,2,4,False
2026-03-20T17:44:51.949916,2026-03-20,sp500_alerts_v1,SP500,MMM,MMM,two_week_momentum_watch,2026-03-19,10,-0.0697,2,4,False
2026-03-20T17:44:51.949916,2026-03-20,sp500_alerts_v1,SP500,MLM,MLM,two_week_momentum_watch,2026-03-19,10,-0.0697,2,4,False
2026-03-20T17:44:51.949916,2026-03-20,sp500_alerts_v1,SP500,EPAM,EPAM,two_week_momentum_watch,2026-03-19,10,-0.0699,3,3,False
2026-03-20T17:44:51.949916,2026-03-20,sp500_alerts_v1,SP500,CLX,CLX,two_week_momentum_watch,2026-03-19,10,-0.0701,3,3,False
2026-03-20T17:44:51.949916,2026-03-20,sp500_alerts_v1,SP500,ORLY,ORLY,two_week_momentum_watch,2026-03-19,10,-0.0707,3,6,False
2026-03-20T17:44:51.949916,2026-03-20,sp500_alerts_v1,SP500,HUM,HUM,two_week_momentum_watch,2026-03-19,10,-0.0709,3,4,False
2026-03-20T17:44:51.949916,2026-03-20,sp500_alerts_v1,SP500,AVB,AVB,two_week_momentum_watch,2026-03-19,10,-0.0711,2,5,False
2026-03-20T17:44:51.949916,2026-03-20,sp500_alerts_v1,SP500,CTSH,CTSH,two_week_momentum_watch,2026-03-19,10,-0.0711,3,5,False
2026-03-20T17:44:51.949916,2026-03-20,sp500_alerts_v1,SP500,ROL,ROL,two_week_momentum_watch,2026-03-19,10,-0.0719,2,6,False
2026-03-20T17:44:51.949916,2026-03-20,sp500_alerts_v1,SP500,ERIE,ERIE,two_week_momentum_watch,2026-03-19,10,-0.0728,3,3,False
2026-03-20T17:44:51.949916,2026-03-20,sp500_alerts_v1,SP500,LLY,LLY,two_week_momentum_watch,2026-03-19,10,-0.0735,3,3,False
2026-03-20T17:44:51.949916,2026-03-20,sp500_alerts_v1,SP500,NFLX,NFLX,two_week_momentum_watch,2026-03-19,10,-0.0735,2,4,False
2026-03-20T17:44:51.949916,2026-03-20,sp500_alerts_v1,SP500,LEN,LEN,two_week_momentum_watch,2026-03-19,10,-0.0736,3,4,False
2026-03-20T17:44:51.949916,2026-03-20,sp500_alerts_v1,SP500,CVNA,CVNA,two_week_momentum_watch,2026-03-19,10,-0.074,5,3,False
2026-03-20T17:44:51.949916,2026-03-20,sp500_alerts_v1,SP500,PTC,PTC,two_week_momentum_watch,2026-03-19,10,-0.074,3,4,False
2026-03-20T17:44:51.949916,2026-03-20,sp500_alerts_v1,SP500,COR,COR,two_week_momentum_watch,2026-03-19,10,-0.0745,3,4,False
2026-03-20T17:44:51.949916,2026-03-20,sp500_alerts_v1,SP500,FDS,FDS,two_week_momentum_watch,2026-03-19,10,-0.0754,4,4,False
2026-03-20T17:44:51.949916,2026-03-20,sp500_alerts_v1,SP500,PKG,PKG,two_week_momentum_watch,2026-03-19,10,-0.0761,5,2,False
2026-03-20T17:44:51.949916,2026-03-20,sp500_alerts_v1,SP500,PHM,PHM,two_week_momentum_watch,2026-03-19,10,-0.0762,3,5,False
2026-03-20T17:44:51.949916,2026-03-20,sp500_alerts_v1,SP500,COO,COO,two_week_momentum_watch,2026-03-19,10,-0.0763,2,5,False
2026-03-20T17:44:51.949916,2026-03-20,sp500_alerts_v1,SP500,DPZ,DPZ,two_week_momentum_watch,2026-03-19,10,-0.0764,4,2,False
2026-03-20T17:44:51.949916,2026-03-20,sp500_alerts_v1,SP500,IFF,IFF,two_week_momentum_watch,2026-03-19,10,-0.0765,3,3,False
2026-03-20T17:44:51.949916,2026-03-20,sp500_alerts_v1,SP500,MCO,MCO,two_week_momentum_watch,2026-03-19,10,-0.0766,3,4,False
2026-03-20T17:44:51.949916,2026-03-20,sp500_alerts_v1,SP500,EL,EL,two_week_momentum_watch,2026-03-19,10,-0.0768,4,2,False
2026-03-20T17:44:51.949916,2026-03-20,sp500_alerts_v1,SP500,HD,HD,two_week_momentum_watch,2026-03-19,10,-0.0769,3,3,False
2026-03-20T17:44:51.949916,2026-03-20,sp500_alerts_v1,SP500,FITB,FITB,two_week_momentum_watch,2026-03-19,10,-0.077,2,5,False
2026-03-20T17:44:51.949916,2026-03-20,sp500_alerts_v1,SP500,STLD,STLD,two_week_momentum_watch,2026-03-19,10,-0.0774,3,3,False
2026-03-20T17:44:51.949916,2026-03-20,sp500_alerts_v1,SP500,NVR,NVR,two_week_momentum_watch,2026-03-19,10,-0.0777,3,4,False
2026-03-20T17:44:51.949916,2026-03-20,sp500_alerts_v1,SP500,CVS,CVS,two_week_momentum_watch,2026-03-19,10,-0.0778,3,4,False
2026-03-20T17:44:51.949916,2026-03-20,sp500_alerts_v1,SP500,LII,LII,two_week_momentum_watch,2026-03-19,10,-0.0778,1,6,False
2026-03-20T17:44:51.949916,2026-03-20,sp500_alerts_v1,SP500,PPG,PPG,two_week_momentum_watch,2026-03-19,10,-0.078,4,3,False
2026-03-20T17:44:51.949916,2026-03-20,sp500_alerts_v1,SP500,UNP,UNP,two_week_momentum_watch,2026-03-19,10,-0.0784,2,3,False
2026-03-20T17:44:51.949916,2026-03-20,sp500_alerts_v1,SP500,TDG,TDG,two_week_momentum_watch,2026-03-19,10,-0.0792,1,5,False
2026-03-20T17:44:51.949916,2026-03-20,sp500_alerts_v1,SP500,TSCO,TSCO,two_week_momentum_watch,2026-03-19,10,-0.0793,3,4,False
2026-03-20T17:44:51.949916,2026-03-20,sp500_alerts_v1,SP500,AJG,AJG,two_week_momentum_watch,2026-03-19,10,-0.0809,4,4,False
2026-03-20T17:44:51.949916,2026-03-20,sp500_alerts_v1,SP500,NSC,NSC,two_week_momentum_watch,2026-03-19,10,-0.0814,2,5,False
2026-03-20T17:44:51.949916,2026-03-20,sp500_alerts_v1,SP500,AZO,AZO,two_week_momentum_watch,2026-03-19,10,-0.0823,2,7,False
2026-03-20T17:44:51.949916,2026-03-20,sp500_alerts_v1,SP500,SWK,SWK,two_week_momentum_watch,2026-03-19,10,-0.0823,1,5,False
2026-03-20T17:44:51.949916,2026-03-20,sp500_alerts_v1,SP500,ECL,ECL,two_week_momentum_watch,2026-03-19,10,-0.0824,1,6,False
2026-03-20T17:44:51.949916,2026-03-20,sp500_alerts_v1,SP500,HRL,HRL,two_week_momentum_watch,2026-03-19,10,-0.0839,2,5,False
2026-03-20T17:44:51.949916,2026-03-20,sp500_alerts_v1,SP500,CL,CL,two_week_momentum_watch,2026-03-19,10,-0.0861,2,4,False
2026-03-20T17:44:51.949916,2026-03-20,sp500_alerts_v1,SP500,LOW,LOW,two_week_momentum_watch,2026-03-19,10,-0.0881,2,3,False
2026-03-20T17:44:51.949916,2026-03-20,sp500_alerts_v1,SP500,DLTR,DLTR,two_week_momentum_watch,2026-03-19,10,-0.0883,3,3,False
2026-03-20T17:44:51.949916,2026-03-20,sp500_alerts_v1,SP500,CHTR,CHTR,two_week_momentum_watch,2026-03-19,10,-0.0887,4,2,False
2026-03-20T17:44:51.949916,2026-03-20,sp500_alerts_v1,SP500,NOW,NOW,two_week_momentum_watch,2026-03-19,10,-0.089,3,4,False
2026-03-20T17:44:51.949916,2026-03-20,sp500_alerts_v1,SP500,BEN,BEN,two_week_momentum_watch,2026-03-19,10,-0.0903,4,4,False
2026-03-20T17:44:51.949916,2026-03-20,sp500_alerts_v1,SP500,PAYX,PAYX,two_week_momentum_watch,2026-03-19,10,-0.0906,3,4,False
2026-03-20T17:44:51.949916,2026-03-20,sp500_alerts_v1,SP500,GEN,GEN,two_week_momentum_watch,2026-03-19,10,-0.0907,1,6,False
2026-03-20T17:44:51.949916,2026-03-20,sp500_alerts_v1,SP500,PSA,PSA,two_week_momentum_watch,2026-03-19,10,-0.0908,0,9,False
2026-03-20T17:44:51.949916,2026-03-20,sp500_alerts_v1,SP500,AOS,AOS,two_week_momentum_watch,2026-03-19,10,-0.0911,2,4,False
2026-03-20T17:44:51.949916,2026-03-20,sp500_alerts_v1,SP500,CMCSA,CMCSA,two_week_momentum_watch,2026-03-19,10,-0.0918,3,2,False
2026-03-20T17:44:51.949916,2026-03-20,sp500_alerts_v1,SP500,AVY,AVY,two_week_momentum_watch,2026-03-19,10,-0.0927,2,3,False
2026-03-20T17:44:51.949916,2026-03-20,sp500_alerts_v1,SP500,BLDR,BLDR,two_week_momentum_watch,2026-03-19,10,-0.0927,3,3,False
2026-03-20T17:44:51.949916,2026-03-20,sp500_alerts_v1,SP500,TAP,TAP,two_week_momentum_watch,2026-03-19,10,-0.0935,2,6,False
2026-03-20T17:44:51.949916,2026-03-20,sp500_alerts_v1,SP500,BRO,BRO,two_week_momentum_watch,2026-03-19,10,-0.0944,2,4,False
2026-03-20T17:44:51.949916,2026-03-20,sp500_alerts_v1,SP500,CPAY,CPAY,two_week_momentum_watch,2026-03-19,10,-0.0955,3,6,False
2026-03-20T17:44:51.949916,2026-03-20,sp500_alerts_v1,SP500,GE,GE,two_week_momentum_watch,2026-03-19,10,-0.0962,2,3,False
2026-03-20T17:44:51.949916,2026-03-20,sp500_alerts_v1,SP500,FISV,FISV,two_week_momentum_watch,2026-03-19,10,-0.0964,3,4,False
2026-03-20T17:44:51.949916,2026-03-20,sp500_alerts_v1,SP500,FCX,FCX,two_week_momentum_watch,2026-03-19,10,-0.0967,4,3,False
2026-03-20T17:44:51.949916,2026-03-20,sp500_alerts_v1,SP500,SJM,SJM,two_week_momentum_watch,2026-03-19,10,-0.0971,1,4,False
2026-03-20T17:44:51.949916,2026-03-20,sp500_alerts_v1,SP500,PAYC,PAYC,two_week_momentum_watch,2026-03-19,10,-0.098,2,5,False
2026-03-20T17:44:51.949916,2026-03-20,sp500_alerts_v1,SP500,OMC,OMC,two_week_momentum_watch,2026-03-19,10,-0.0981,1,5,False
2026-03-20T17:44:51.949916,2026-03-20,sp500_alerts_v1,SP500,RMD,RMD,two_week_momentum_watch,2026-03-19,10,-0.1007,2,5,False
2026-03-20T17:44:51.949916,2026-03-20,sp500_alerts_v1,SP500,OTIS,OTIS,two_week_momentum_watch,2026-03-19,10,-0.1008,4,4,False
2026-03-20T17:44:51.949916,2026-03-20,sp500_alerts_v1,SP500,ABBV,ABBV,two_week_momentum_watch,2026-03-19,10,-0.1038,2,3,False
2026-03-20T17:44:51.949916,2026-03-20,sp500_alerts_v1,SP500,GPN,GPN,two_week_momentum_watch,2026-03-19,10,-0.1047,1,6,False
2026-03-20T17:44:51.949916,2026-03-20,sp500_alerts_v1,SP500,AMCR,AMCR,two_week_momentum_watch,2026-03-19,10,-0.1061,4,2,False
2026-03-20T17:44:51.949916,2026-03-20,sp500_alerts_v1,SP500,CTAS,CTAS,two_week_momentum_watch,2026-03-19,10,-0.107,3,2,False
2026-03-20T17:44:51.949916,2026-03-20,sp500_alerts_v1,SP500,BR,BR,two_week_momentum_watch,2026-03-19,10,-0.1094,2,4,False
2026-03-20T17:44:51.949916,2026-03-20,sp500_alerts_v1,SP500,GDDY,GDDY,two_week_momentum_watch,2026-03-19,10,-0.1095,3,4,False
2026-03-20T17:44:51.949916,2026-03-20,sp500_alerts_v1,SP500,XYZ,XYZ,two_week_momentum_watch,2026-03-19,10,-0.1107,3,3,False
2026-03-20T17:44:51.949916,2026-03-20,sp500_alerts_v1,SP500,URI,URI,two_week_momentum_watch,2026-03-19,10,-0.1107,5,2,False
2026-03-20T17:44:51.949916,2026-03-20,sp500_alerts_v1,SP500,DASH,DASH,two_week_momentum_watch,2026-03-19,10,-0.1111,2,5,False
2026-03-20T17:44:51.949916,2026-03-20,sp500_alerts_v1,SP500,KHC,KHC,two_week_momentum_watch,2026-03-19,10,-0.1133,3,4,False
2026-03-20T17:44:51.949916,2026-03-20,sp500_alerts_v1,SP500,CSGP,CSGP,two_week_momentum_watch,2026-03-19,10,-0.1149,3,3,False
2026-03-20T17:44:51.949916,2026-03-20,sp500_alerts_v1,SP500,WDAY,WDAY,two_week_momentum_watch,2026-03-19,10,-0.1169,3,5,False
2026-03-20T17:44:51.949916,2026-03-20,sp500_alerts_v1,SP500,LW,LW,two_week_momentum_watch,2026-03-19,10,-0.1171,3,4,False
2026-03-20T17:44:51.949916,2026-03-20,sp500_alerts_v1,SP500,CRL,CRL,two_week_momentum_watch,2026-03-19,10,-0.1227,5,1,False
2026-03-20T17:44:51.949916,2026-03-20,sp500_alerts_v1,SP500,APP,APP,two_week_momentum_watch,2026-03-19,10,-0.1239,3,3,False
2026-03-20T17:44:51.949916,2026-03-20,sp500_alerts_v1,SP500,EFX,EFX,two_week_momentum_watch,2026-03-19,10,-0.1243,3,4,False
2026-03-20T17:44:51.949916,2026-03-20,sp500_alerts_v1,SP500,AXON,AXON,two_week_momentum_watch,2026-03-19,10,-0.1251,2,6,False
2026-03-20T17:44:51.949916,2026-03-20,sp500_alerts_v1,SP500,BA,BA,two_week_momentum_watch,2026-03-19,10,-0.1295,2,4,False
2026-03-20T17:44:51.949916,2026-03-20,sp500_alerts_v1,SP500,ADBE,ADBE,two_week_momentum_watch,2026-03-19,10,-0.1327,2,5,False
2026-03-20T17:44:51.949916,2026-03-20,sp500_alerts_v1,SP500,SW,SW,two_week_momentum_watch,2026-03-19,10,-0.1382,3,2,False
2026-03-20T17:44:51.949916,2026-03-20,sp500_alerts_v1,SP500,CPRT,CPRT,two_week_momentum_watch,2026-03-19,10,-0.1383,2,4,False
2026-03-20T17:44:51.949916,2026-03-20,sp500_alerts_v1,SP500,IP,IP,two_week_momentum_watch,2026-03-19,10,-0.1399,3,3,False
2026-03-20T17:44:51.949916,2026-03-20,sp500_alerts_v1,SP500,GPC,GPC,two_week_momentum_watch,2026-03-19,10,-0.1422,1,6,False
2026-03-20T17:44:51.949916,2026-03-20,sp500_alerts_v1,SP500,NEM,NEM,two_week_momentum_watch,2026-03-19,10,-0.147,4,3,False
2026-03-20T17:44:51.949916,2026-03-20,sp500_alerts_v1,SP500,GIS,GIS,two_week_momentum_watch,2026-03-19,10,-0.1533,0,9,False
2026-03-20T17:44:51.949916,2026-03-20,sp500_alerts_v1,SP500,DG,DG,two_week_momentum_watch,2026-03-19,10,-0.1562,2,3,False
2026-03-20T17:44:51.949916,2026-03-20,sp500_alerts_v1,SP500,MKC,MKC,two_week_momentum_watch,2026-03-19,10,-0.1665,1,4,False
2026-03-20T17:44:51.949916,2026-03-20,sp500_alerts_v1,SP500,ULTA,ULTA,two_week_momentum_watch,2026-03-19,10,-0.1737,4,3,False
2026-03-20T17:44:51.949916,2026-03-20,sp500_alerts_v1,SP500,CPB,CPB,two_week_momentum_watch,2026-03-19,10,-0.1849,2,4,False
2026-03-20T17:44:51.949916,2026-03-20,sp500_alerts_v1,SP500,CNC,CNC,two_week_momentum_watch,2026-03-19,10,-0.1851,3,5,False
2026-03-20T17:44:51.949916,2026-03-20,sp500_alerts_v1,SP500,CAG,CAG,two_week_momentum_watch,2026-03-19,10,-0.1903,2,4,False
2026-03-20T17:44:51.949916,2026-03-20,sp500_alerts_v1,SP500,TTD,TTD,two_week_momentum_watch,2026-03-19,10,-0.1971,1,4,False
2026-03-20T17:44:51.949916,2026-03-20,sp500_alerts_v1,SP500,FICO,FICO,two_week_momentum_watch,2026-03-19,10,-0.2458,4,4,False
2026-03-20T17:44:51.949916,2026-03-20,sp500_alerts_v1,SP500,PSKY,PSKY,two_week_momentum_watch,2026-03-19,10,-0.2488,0,9,False
